CREATE TABLE Customers (
    customer_id INT PRIMARY KEY,
    customer_name VARCHAR(100),
    customer_email VARCHAR(100)
);

--select * from customers
commit;
INSERT INTO Customers (customer_id, customer_name, customer_email) VALUES
(1, 'John Doe', 'john.doe@example.com'),
(2, 'Jane Smith', 'jane.smith@example.com'),
(3, 'Michael Johnson', 'michael.johnson@example.com'),
(4, 'Emily Davis', 'emily.davis@example.com'),
(5, 'David Brown', 'david.brown@example.com'),
(6, 'Sarah Wilson', 'sarah.wilson@example.com'),
(7, 'Christopher Moore', 'christopher.moore@example.com'),
(8, 'Karen Taylor', 'karen.taylor@example.com'),
(9, 'James Anderson', 'james.anderson@example.com'),
(10, 'Patricia Thomas', 'patricia.thomas@example.com'),
(11, 'Robert Jackson', 'robert.jackson@example.com'),
(12, 'Linda White', 'linda.white@example.com'),
(13, 'Michael Harris', 'michael.harris@example.com'),
(14, 'Barbara Martin', 'barbara.martin@example.com'),
(15, 'William Thompson', 'william.thompson@example.com'),
(16, 'Elizabeth Garcia', 'elizabeth.garcia@example.com'),
(17, 'Richard Martinez', 'richard.martinez@example.com'),
(18, 'Susan Robinson', 'susan.robinson@example.com'),
(19, 'Joseph Clark', 'joseph.clark@example.com'),
(20, 'Margaret Rodriguez', 'margaret.rodriguez@example.com'),
(21, 'Thomas Lewis', 'thomas.lewis@example.com'),
(22, 'Karen Lee', 'karen.lee@example.com'),
(23, 'Charles Walker', 'charles.walker@example.com'),
(24, 'Sandra Hall', 'sandra.hall@example.com'),
(25, 'Daniel Allen', 'daniel.allen@example.com'),
(26, 'Kimberly Young', 'kimberly.young@example.com'),
(27, 'Matthew Hernandez', 'matthew.hernandez@example.com'),
(28, 'Donna King', 'donna.king@example.com'),
(29, 'Anthony Wright', 'anthony.wright@example.com'),
(30, 'Carol Lopez', 'carol.lopez@example.com'),
(31, 'Mark Hill', 'mark.hill@example.com'),
(32, 'Nancy Scott', 'nancy.scott@example.com'),
(33, 'Paul Green', 'paul.green@example.com'),
(34, 'Lisa Adams', 'lisa.adams@example.com'),
(35, 'Steven Baker', 'steven.baker@example.com'),
(36, 'Michelle Gonzalez', 'michelle.gonzalez@example.com'),
(37, 'Kenneth Nelson', 'kenneth.nelson@example.com'),
(38, 'Stephanie Carter', 'stephanie.carter@example.com'),
(39, 'Kevin Mitchell', 'kevin.mitchell@example.com'),
(40, 'Deborah Perez', 'deborah.perez@example.com'),
(41, 'Brian Roberts', 'brian.roberts@example.com'),
(42, 'Jessica Turner', 'jessica.turner@example.com'),
(43, 'George Phillips', 'george.phillips@example.com'),
(44, 'Laura Campbell', 'laura.campbell@example.com'),
(45, 'Edward Parker', 'edward.parker@example.com'),
(46, 'Sharon Evans', 'sharon.evans@example.com'),
(47, 'Ronald Edwards', 'ronald.edwards@example.com'),
(48, 'Amy Collins', 'amy.collins@example.com'),
(49, 'Donald Stewart', 'donald.stewart@example.com'),
(50, 'Angela Sanchez', 'angela.sanchez@example.com'),
(51, 'Jason Morris', 'jason.morris@example.com'),
(52, 'Melissa Rogers', 'melissa.rogers@example.com'),
(53, 'Jeffrey Reed', 'jeffrey.reed@example.com'),
(54, 'Betty Cook', 'betty.cook@example.com'),
(55, 'Mary Morgan', 'mary.morgan@example.com'),
(56, 'Helen Bell', 'helen.bell@example.com'),
(57, 'Dennis Murphy', 'dennis.murphy@example.com'),
(58, 'Jerry Bailey', 'jerry.bailey@example.com'),
(59, 'Cynthia Rivera', 'cynthia.rivera@example.com'),
(60, 'Frank Cooper', 'frank.cooper@example.com'),
(61, 'Eric Richardson', 'eric.richardson@example.com'),
(62, 'Rebecca Cox', 'rebecca.cox@example.com'),
(63, 'Larry Howard', 'larry.howard@example.com'),
(64, 'Martha Ward', 'martha.ward@example.com'),
(65, 'Scott Torres', 'scott.torres@example.com'),
(66, 'Anna Peterson', 'anna.peterson@example.com'),
(67, 'Gregory Gray', 'gregory.gray@example.com'),
(68, 'Ruth Ramirez', 'ruth.ramirez@example.com'),
(69, 'Debra James', 'debra.james@example.com'),
(70, 'Raymond Watson', 'raymond.watson@example.com'),
(71, 'Janet Brooks', 'janet.brooks@example.com'),
(72, 'Jerry Kelly', 'jerry.kelly@example.com'),
(73, 'Kathleen Sanders', 'kathleen.sanders@example.com'),
(74, 'Patrick Price', 'patrick.price@example.com'),
(75, 'Deborah Bennett', 'deborah.bennett@example.com'),
(76, 'Melissa Wood', 'melissa.wood@example.com'),
(77, 'Joshua Barnes', 'joshua.barnes@example.com'),
(78, 'Carolyn Ross', 'carolyn.ross@example.com'),
(79, 'Roger Henderson', 'roger.henderson@example.com'),
(80, 'Diane Coleman', 'diane.coleman@example.com'),
(81, 'Timothy Jenkins', 'timothy.jenkins@example.com'),
(82, 'Stephanie Perry', 'stephanie.perry@example.com'),
(83, 'Benjamin Powell', 'benjamin.powell@example.com'),
(84, 'Virginia Long', 'virginia.long@example.com'),
(85, 'Jose Patterson', 'jose.patterson@example.com'),
(86, 'Maria Hughes', 'maria.hughes@example.com'),
(87, 'Gary Flores', 'gary.flores@example.com'),
(88, 'Donna Washington', 'donna.washington@example.com'),
(89, 'Sandra Butler', 'sandra.butler@example.com'),
(90, 'Paul Simmons', 'paul.simmons@example.com'),
(91, 'Linda Foster', 'linda.foster@example.com'),
(92, 'Joseph Gonzales', 'joseph.gonzales@example.com'),
(93, 'Michelle Bryant', 'michelle.bryant@example.com'),
(94, 'Kevin Alexander', 'kevin.alexander@example.com'),
(95, 'Sarah Russell', 'sarah.russell@example.com'),
(96, 'Mark Griffin', 'mark.griffin@example.com'),
(97, 'Anthony Diaz', 'anthony.diaz@example.com'),
(98, 'Dorothy Hayes', 'dorothy.hayes@example.com'),
(99, 'Customer 99', 'customer99@example.com'),
(100, 'Customer 100', 'customer100@example.com');

--select * from customers



CREATE TABLE Orders (
    order_id INT PRIMARY KEY,
    customer_id INT,
    order_date DATE,
    FOREIGN KEY (customer_id) REFERENCES Customers(customer_id)
);


INSERT INTO Orders (order_id, customer_id, order_date) VALUES
(1, 1, '2023-01-01'),
(2, 2, '2023-01-02'),
(3, 3, '2023-01-03'),
(4, 4, '2023-01-04'),
(5, 5, '2023-01-05'),
(6, 6, '2023-01-06'),
(7, 7, '2023-01-07'),
(8, 8, '2023-01-08'),
(9, 9, '2023-01-09'),
(10, 10, '2023-01-10'),
(11, 11, '2023-01-11'),
(12, 12, '2023-01-12'),
(13, 13, '2023-01-13'),
(14, 14, '2023-01-14'),
(15, 15, '2023-01-15'),
(16, 16, '2023-01-16'),
(17, 17, '2023-01-17'),
(18, 18, '2023-01-18'),
(19, 19, '2023-01-19'),
(20, 20, '2023-01-20'),
(21, 21, '2023-01-21'),
(22, 22, '2023-01-22'),
(23, 23, '2023-01-23'),
(24, 24, '2023-01-24'),
(25, 25, '2023-01-25'),
(26, 26, '2023-01-26'),
(27, 27, '2023-01-27'),
(28, 28, '2023-01-28'),
(29, 29, '2023-01-29'),
(30, 30, '2023-01-30'),
(31, 31, '2023-01-31'),
(32, 32, '2023-02-01'),
(33, 33, '2023-02-02'),
(34, 34, '2023-02-03'),
(35, 35, '2023-02-04'),
(36, 36, '2023-02-05'),
(37, 37, '2023-02-06'),
(38, 38, '2023-02-07'),
(39, 39, '2023-02-08'),
(40, 40, '2023-02-09'),
(41, 41, '2023-02-10'),
(42, 42, '2023-02-11'),
(43, 43, '2023-02-12'),
(44, 44, '2023-02-13'),
(45, 45, '2023-02-14'),
(46, 46, '2023-02-15'),
(47, 47, '2023-02-16'),
(48, 48, '2023-02-17'),
(49, 49, '2023-02-18'),
(50, 50, '2023-02-19'),
(51, 51, '2023-02-20'),
(52, 52, '2023-02-21'),
(53, 53, '2023-02-22'),
(54, 54, '2023-02-23'),
(55, 55, '2023-02-24'),
(56, 56, '2023-02-25'),
(57, 57, '2023-02-26'),
(58, 58, '2023-02-27'),
(59, 59, '2023-02-28'),
(60, 60, '2023-03-01'),
(61, 61, '2023-03-02'),
(62, 62, '2023-03-03'),
(63, 63, '2023-03-04'),
(64, 64, '2023-03-05'),
(65, 65, '2023-03-06'),
(66, 66, '2023-03-07'),
(67, 67, '2023-03-08'),
(68, 68, '2023-03-09'),
(69, 69, '2023-03-10'),
(70, 70, '2023-03-11'),
(71, 71, '2023-03-12'),
(72, 72, '2023-03-13'),
(73, 73, '2023-03-14'),
(74, 74, '2023-03-15'),
(75, 75, '2023-03-16'),
(76, 76, '2023-03-17'),
(77, 77, '2023-03-18'),
(78, 78, '2023-03-19'),
(79, 79, '2023-03-20'),
(80, 80, '2023-03-21'),
(81, 81, '2023-03-22'),
(82, 82, '2023-03-23'),
(83, 83, '2023-03-24'),
(84, 84, '2023-03-25'),
(85, 85, '2023-03-26'),
(86, 86, '2023-03-27'),
(87, 87, '2023-03-28'),
(88, 88, '2023-03-29'),
(89, 89, '2023-03-30'),
(90, 90, '2023-03-31'),
(91, 91, '2023-04-01'),
(92, 92, '2023-04-02'),
(93, 93, '2023-04-03'),
(94, 94, '2023-04-04'),
(95, 95, '2023-04-05'),
(96, 96, '2023-04-06'),
(97, 97, '2023-04-07'),
(98, 98, '2023-04-08'),
(99, 99, '2023-04-09'),
(100, 100, '2023-04-10');



CREATE TABLE Order_Items (
    order_item_id INT PRIMARY KEY,
    order_id INT,
    product_id INT,
    quantity INT,
    price DECIMAL(10, 2),
    FOREIGN KEY (order_id) REFERENCES Orders(order_id)
);



INSERT INTO Order_Items (order_item_id, order_id, product_id, quantity, price) VALUES
(1, 1, 1, 2, 20.00),
(2, 2, 2, 1, 15.00),
(3, 3, 3, 5, 50.00),
(4, 4, 4, 1, 10.00),
(5, 5, 5, 2, 25.00),
(6, 6, 6, 3, 30.00),
(7, 7, 7, 4, 35.00),
(8, 8, 8, 5, 40.00),
(9, 9, 9, 1, 12.00),
(10, 10, 10, 2, 22.00),
(11, 11, 11, 3, 32.00),
(12, 12, 12, 4, 42.00),
(13, 13, 13, 5, 52.00),
(14, 14, 14, 1, 11.00),
(15, 15, 15, 2, 21.00),
(16, 16, 16, 3, 31.00),
(17, 17, 17, 4, 41.00),
(18, 18, 18, 5, 51.00),
(19, 19, 19, 1, 13.00),
(20, 20, 20, 2, 23.00),
(21, 21, 21, 3, 33.00),
(22, 22, 22, 4, 43.00),
(23, 23, 23, 5, 53.00),
(24, 24, 24, 1, 14.00),
(25, 25, 25, 2, 24.00),
(26, 26, 26, 3, 34.00),
(27, 27, 27, 4, 44.00),
(28, 28, 28, 5, 54.00),
(29, 29, 29, 1, 15.00),
(30, 30, 30, 2, 25.00),
(31, 31, 31, 3, 35.00),
(32, 32, 32, 4, 45.00),
(33, 33, 33, 5, 55.00),
(34, 34, 34, 1, 16.00),
(35, 35, 35, 2, 26.00),
(36, 36, 36, 3, 36.00),
(37, 37, 37, 4, 46.00),
(38, 38, 38, 5, 56.00),
(39, 39, 39, 1, 17.00),
(40, 40, 40, 2, 27.00),
(41, 41, 41, 3, 37.00),
(42, 42, 42, 4, 47.00),
(43, 43, 43, 5, 57.00),
(44, 44, 44, 1, 18.00),
(45, 45, 45, 2, 28.00),
(46, 46, 46, 3, 38.00),
(47, 47, 47, 4, 48.00),
(48, 48, 48, 5, 58.00),
(49, 49, 49, 1, 19.00),
(50, 50, 50, 2, 29.00),
(51, 51, 51, 3, 39.00),
(52, 52, 52, 4, 49.00),
(53, 53, 53, 5, 59.00),
(54, 54, 54, 1, 20.00),
(55, 55, 55, 2, 30.00),
(56, 56, 56, 3, 40.00),
(57, 57, 57, 4, 50.00),
(58, 58, 58, 5, 60.00),
(59, 59, 59, 1, 21.00),
(60, 60, 60, 2, 31.00),
(61, 61, 61, 3, 41.00),
(62, 62, 62, 4, 51.00),
(63, 63, 63, 5, 61.00),
(64, 64, 64, 1, 22.00),
(65, 65, 65, 2, 32.00),
(66, 66, 66, 3, 42.00),
(67, 67, 67, 4, 52.00),
(68, 68, 68, 5, 62.00),
(69, 69, 69, 1, 23.00),
(70, 70, 70, 2, 33.00),
(71, 71, 71, 3, 43.00),
(72, 72, 72, 4, 53.00),
(73, 73, 73, 5, 63.00),
(74, 74, 74, 1, 24.00),
(75, 75, 75, 2, 34.00),
(76, 76, 76, 3, 44.00),
(77, 77, 77, 4, 54.00),
(78, 78, 78, 5, 64.00),
(79, 79, 79, 1, 25.00),
(80, 80, 80, 2, 35.00),
(81, 81, 81, 3, 45.00),
(82, 82, 82, 4, 55.00),
(83, 83, 83, 5, 65.00),
(84, 84, 84, 1, 26.00),
(85, 85, 85, 2, 36.00),
(86, 86, 86, 3, 46.00),
(87, 87, 87, 4, 56.00),
(88, 88, 88, 5, 66.00),
(89, 89, 89, 1, 27.00),
(90, 90, 90, 2, 37.00),
(91, 91, 91, 3, 47.00),
(92, 92, 92, 4, 57.00),
(93, 93, 93, 5, 67.00),
(94, 94, 94, 1, 28.00),
(95, 95, 95, 2, 38.00),
(96, 96, 96, 3, 48.00),
(97, 97, 97, 4, 58.00),
(98, 98, 98, 5, 68.00),
(99, 99, 99, 3, 30.00),
(100, 100, 100, 4, 40.00);









--select * from Order_Items




CREATE TABLE Products (
    product_id INT PRIMARY KEY,
    product_name VARCHAR(100),
    category_id INT,
    supplier_id INT
);



INSERT INTO Products (product_id, product_name, category_id, supplier_id) VALUES
(1, 'Product 1', 1, 1),
(2, 'Product 2', 2, 2),
(3, 'Product 3', 3, 3),
(4, 'Product 4', 4, 4),
(5, 'Product 5', 5, 5),
(6, 'Product 6', 6, 6),
(7, 'Product 7', 7, 7),
(8, 'Product 8', 8, 8),
(9, 'Product 9', 9, 9),
(10, 'Product 10', 10, 10),
(11, 'Product 11', 11, 11),
(12, 'Product 12', 12, 12),
(13, 'Product 13', 13, 13),
(14, 'Product 14', 14, 14),
(15, 'Product 15', 15, 15),
(16, 'Product 16', 16, 16),
(17, 'Product 17', 17, 17),
(18, 'Product 18', 18, 18),
(19, 'Product 19', 19, 19),
(20, 'Product 20', 20, 20),
(21, 'Product 21', 21, 21),
(22, 'Product 22', 22, 22),
(23, 'Product 23', 23, 23),
(24, 'Product 24', 24, 24),
(25, 'Product 25', 25, 25),
(26, 'Product 26', 26, 26),
(27, 'Product 27', 27, 27),
(28, 'Product 28', 28, 28),
(29, 'Product 29', 29, 29),
(30, 'Product 30', 30, 30),
(31, 'Product 31', 31, 31),
(32, 'Product 32', 32, 32),
(33, 'Product 33', 33, 33),
(34, 'Product 34', 34, 34),
(35, 'Product 35', 35, 35),
(36, 'Product 36', 36, 36),
(37, 'Product 37', 37, 37),
(38, 'Product 38', 38, 38),
(39, 'Product 39', 39, 39),
(40, 'Product 40', 40, 40),
(41, 'Product 41', 41, 41),
(42, 'Product 42', 42, 42),
(43, 'Product 43', 43, 43),
(44, 'Product 44', 44, 44),
(45, 'Product 45', 45, 45),
(46, 'Product 46', 46, 46),
(47, 'Product 47', 47, 47),
(48, 'Product 48', 48, 48),
(49, 'Product 49', 49, 49),
(50, 'Product 50', 50, 50),
(51, 'Product 51', 51, 51),
(52, 'Product 52', 52, 52),
(53, 'Product 53', 53, 53),
(54, 'Product 54', 54, 54),
(55, 'Product 55', 55, 55),
(56, 'Product 56', 56, 56),
(57, 'Product 57', 57, 57),
(58, 'Product 58', 58, 58),
(59, 'Product 59', 59, 59),
(60, 'Product 60', 60, 60),
(61, 'Product 61', 61, 61),
(62, 'Product 62', 62, 62),
(63, 'Product 63', 63, 63),
(64, 'Product 64', 64, 64),
(65, 'Product 65', 65, 65),
(66, 'Product 66', 66, 66),
(67, 'Product 67', 67, 67),
(68, 'Product 68', 68, 68),
(69, 'Product 69', 69, 69),
(70, 'Product 70', 70, 70),
(71, 'Product 71', 71, 71),
(72, 'Product 72', 72, 72),
(73, 'Product 73', 73, 73),
(74, 'Product 74', 74, 74),
(75, 'Product 75', 75, 75),
(76, 'Product 76', 76, 76),
(77, 'Product 77', 77, 77),
(78, 'Product 78', 78, 78),
(79, 'Product 79', 79, 79),
(80, 'Product 80', 80, 80),
(81, 'Product 81', 81, 81),
(82, 'Product 82', 82, 82),
(83, 'Product 83', 83, 83),
(84, 'Product 84', 84, 84),
(85, 'Product 85', 85, 85),
(86, 'Product 86', 86, 86),
(87, 'Product 87', 87, 87),
(88, 'Product 88', 88, 88),
(89, 'Product 89', 89, 89),
(90, 'Product 90', 90, 90),
(91, 'Product 91', 91, 91),
(92, 'Product 92', 92, 92),
(93, 'Product 93', 93, 93),
(94, 'Product 94', 94, 94),
(95, 'Product 95', 95, 95),
(96, 'Product 96', 96, 96),
(97, 'Product 97', 97, 97),
(98, 'Product 98', 98, 98),
(99, 'Product 99', 99, 99),
(100, 'Product 100', 100, 100);



CREATE TABLE Categories (
    category_id INT PRIMARY KEY,
    category_name VARCHAR(100)
);





INSERT INTO Categories (category_id, category_name) VALUES
(1, 'Category 1'),
(2, 'Category 2'),
(3, 'Category 3'),
(4, 'Category 4'),
(5, 'Category 5'),
(6, 'Category 6'),
(7, 'Category 7'),
(8, 'Category 8'),
(9, 'Category 9'),
(10, 'Category 10'),
(11, 'Category 11'),
(12, 'Category 12'),
(13, 'Category 13'),
(14, 'Category 14'),
(15, 'Category 15'),
(16, 'Category 16'),
(17, 'Category 17'),
(18, 'Category 18'),
(19, 'Category 19'),
(20, 'Category 20'),
(21, 'Category 21'),
(22, 'Category 22'),
(23, 'Category 23'),
(24, 'Category 24'),
(25, 'Category 25'),
(26, 'Category 26'),
(27, 'Category 27'),
(28, 'Category 28'),
(29, 'Category 29'),
(30, 'Category 30'),
(31, 'Category 31'),
(32, 'Category 32'),
(33, 'Category 33'),
(34, 'Category 34'),
(35, 'Category 35'),
(36, 'Category 36'),
(37, 'Category 37'),
(38, 'Category 38'),
(39, 'Category 39'),
(40, 'Category 40'),
(41, 'Category 41'),
(42, 'Category 42'),
(43, 'Category 43'),
(44, 'Category 44'),
(45, 'Category 45'),
(46, 'Category 46'),
(47, 'Category 47'),
(48, 'Category 48'),
(49, 'Category 49'),
(50, 'Category 50'),
(51, 'Category 51'),
(52, 'Category 52'),
(53, 'Category 53'),
(54, 'Category 54'),
(55, 'Category 55'),
(56, 'Category 56'),
(57, 'Category 57'),
(58, 'Category 58'),
(59, 'Category 59'),
(60, 'Category 60'),
(61, 'Category 61'),
(62, 'Category 62'),
(63, 'Category 63'),
(64, 'Category 64'),
(65, 'Category 65'),
(66, 'Category 66'),
(67, 'Category 67'),
(68, 'Category 68'),
(69, 'Category 69'),
(70, 'Category 70'),
(71, 'Category 71'),
(72, 'Category 72'),
(73, 'Category 73'),
(74, 'Category 74'),
(75, 'Category 75'),
(76, 'Category 76'),
(77, 'Category 77'),
(78, 'Category 78'),
(79, 'Category 79'),
(80, 'Category 80'),
(81, 'Category 81'),
(82, 'Category 82'),
(83, 'Category 83'),
(84, 'Category 84'),
(85, 'Category 85'),
(86, 'Category 86'),
(87, 'Category 87'),
(88, 'Category 88'),
(89, 'Category 89'),
(90, 'Category 90'),
(91, 'Category 91'),
(92, 'Category 92'),
(93, 'Category 93'),
(94, 'Category 94'),
(95, 'Category 95'),
(96, 'Category 96'),
(97, 'Category 97'),
(98, 'Category 98'),
(99, 'Category 99'),
(100, 'Category 100');





CREATE TABLE Suppliers (
    supplier_id INT PRIMARY KEY,
    supplier_name VARCHAR(100)
);



INSERT INTO Suppliers (supplier_id, supplier_name) VALUES
(1, 'Supplier 1'),
(2, 'Supplier 2'),
(3, 'Supplier 3'),
(4, 'Supplier 4'),
(5, 'Supplier 5'),
(6, 'Supplier 6'),
(7, 'Supplier 7'),
(8, 'Supplier 8'),
(9, 'Supplier 9'),
(10, 'Supplier 10'),
(11, 'Supplier 11'),
(12, 'Supplier 12'),
(13, 'Supplier 13'),
(14, 'Supplier 14'),
(15, 'Supplier 15'),
(16, 'Supplier 16'),
(17, 'Supplier 17'),
(18, 'Supplier 18'),
(19, 'Supplier 19'),
(20, 'Supplier 20'),
(21, 'Supplier 21'),
(22, 'Supplier 22'),
(23, 'Supplier 23'),
(24, 'Supplier 24'),
(25, 'Supplier 25'),
(26, 'Supplier 26'),
(27, 'Supplier 27'),
(28, 'Supplier 28'),
(29, 'Supplier 29'),
(30, 'Supplier 30'),
(31, 'Supplier 31'),
(32, 'Supplier 32'),
(33, 'Supplier 33'),
(34, 'Supplier 34'),
(35, 'Supplier 35'),
(36, 'Supplier 36'),
(37, 'Supplier 37'),
(38, 'Supplier 38'),
(39, 'Supplier 39'),
(40, 'Supplier 40'),
(41, 'Supplier 41'),
(42, 'Supplier 42'),
(43, 'Supplier 43'),
(44, 'Supplier 44'),
(45, 'Supplier 45'),
(46, 'Supplier 46'),
(47, 'Supplier 47'),
(48, 'Supplier 48'),
(49, 'Supplier 49'),
(50, 'Supplier 50'),
(51, 'Supplier 51'),
(52, 'Supplier 52'),
(53, 'Supplier 53'),
(54, 'Supplier 54'),
(55, 'Supplier 55'),
(56, 'Supplier 56'),
(57, 'Supplier 57'),
(58, 'Supplier 58'),
(59, 'Supplier 59'),
(60, 'Supplier 60'),
(61, 'Supplier 61'),
(62, 'Supplier 62'),
(63, 'Supplier 63'),
(64, 'Supplier 64'),
(65, 'Supplier 65'),
(66, 'Supplier 66'),
(67, 'Supplier 67'),
(68, 'Supplier 68'),
(69, 'Supplier 69'),
(70, 'Supplier 70'),
(71, 'Supplier 71'),
(72, 'Supplier 72'),
(73, 'Supplier 73'),
(74, 'Supplier 74'),
(75, 'Supplier 75'),
(76, 'Supplier 76'),
(77, 'Supplier 77'),
(78, 'Supplier 78'),
(79, 'Supplier 79'),
(80, 'Supplier 80'),
(81, 'Supplier 81'),
(82, 'Supplier 82'),
(83, 'Supplier 83'),
(84, 'Supplier 84'),
(85, 'Supplier 85'),
(86, 'Supplier 86'),
(87, 'Supplier 87'),
(88, 'Supplier 88'),
(89, 'Supplier 89'),
(90, 'Supplier 90'),
(91, 'Supplier 91'),
(92, 'Supplier 92'),
(93, 'Supplier 93'),
(94, 'Supplier 94'),
(95, 'Supplier 95'),
(96, 'Supplier 96'),
(97, 'Supplier 97'),
(98, 'Supplier 98'),
(99, 'Supplier 99'),
(100, 'Supplier 100');



--select * from Suppliers




commit;































